{"parameters":{"RSI_LOW":44,"RSI_HIGH":70,"NATR_MIN":"1.7","candleSize":1,"historySize":14,"DIP_TIMEOUT":720,"TAKE_PROFIT":"1.084"},"score":163.19530006577853,"profit":0.9816493330206901,"sharpe":166.24602551666877,"epochNumber":42,"otherMetrics":{"balance":1.9816493330206901,"profit":0.9816493330206901,"sharpe":166.24602551666877,"market":-17.41117331200732,"relativeProfit":98.16493330206902,"yearlyProfit":0.9823239521883407,"relativeYearlyProfit":98.23239521883407,"startPrice":0.008753,"endPrice":0.007229,"trades":21}}