{"parameters":{"RSI_LOW":48,"RSI_HIGH":85,"NATR_MIN":"1.7","candleSize":1,"historySize":14,"DIP_TIMEOUT":1440,"TAKE_PROFIT":"1.049"},"score":1.3795317527418927,"profit":0.006135459913539998,"sharpe":224.84569570693182,"epochNumber":6,"otherMetrics":{"balance":0.014888459913539999,"profit":0.006135459913539998,"sharpe":224.84569570693182,"market":-17.41117331200732,"relativeProfit":70.09550912304348,"yearlyProfit":0.006139676387509668,"relativeYearlyProfit":70.1436808809513,"startPrice":0.008753,"endPrice":0.007229,"trades":15}}