{"parameters":{"RSI_LOW":22,"RSI_HIGH":53,"NATR_MIN":"1.8","candleSize":1,"historySize":14,"DIP_TIMEOUT":4320,"TAKE_PROFIT":"1.010"},"score":382.38691266318733,"profit":23.785314549999995,"sharpe":16.076596837067576,"losses":0,"exposure":0.00047838485313958745,"maxExposure":17580000,"trades":38,"epochNumber":123,"otherMetrics":{"balance":123.78531455,"profit":23.785314549999995,"sharpe":16.076596837067576,"losses":0,"market":125.31637558628222,"relativeProfit":23.785314549999995,"yearlyProfit":11.68853703868644,"relativeYearlyProfit":11.68853703868644,"startPrice":4266.29,"endPrice":9612.65,"trades":38,"exposure":0.00047838485313958745,"maxExposure":17580000}}