{"parameters":{"candleSize":2912,"historySize":14},"score":0,"profit":0,"sharpe":0,"epochNumber":1395,"otherMetrics":{"balance":0.0082973549156701,"profit":-0.0002097850843298995,"sharpe":null,"market":-5.133452605693577,"relativeProfit":-2.4659883854021416,"yearlyProfit":-0.0005485165459063364,"relativeYearlyProfit":-6.447719749602534,"startPrice":0.00850714,"endPrice":0.00807043,"trades":3}}