{"parameters":{"RSI_LOW":29,"RSI_HIGH":52,"NATR_MIN":"1.9","candleSize":1,"historySize":14,"DIP_TIMEOUT":1440,"TAKE_PROFIT":"1.011"},"score":16468.69660052038,"profit":147.20425594,"sharpe":111.87649769605146,"losses":0,"exposure":0.021000347576494858,"trades":132,"epochNumber":50,"otherMetrics":{"balance":247.20425594,"profit":147.20425594,"sharpe":111.87649769605146,"losses":0,"market":125.31637558628222,"relativeProfit":147.20425594000002,"yearlyProfit":72.3388540517312,"relativeYearlyProfit":72.33885405173122,"startPrice":4266.29,"endPrice":9612.65,"trades":132,"exposure":0.021000347576494858,"maxExposure":333660000},"maxExposure":333660000}