{"parameters":{"interval":10,"candleSize":1,"historySize":14,"thresholds":{"RSI_LOW_BUY":40,"ATR_LOW_SELL":0.000049,"ATR_HIGH_BUY":0.000031,"RSI_HIGH_SELL":62,"STOP_LOSS_RATIO":0.99,"RSI_HIGH_SELL_ALWAYS":75}},"score":1.3308569418034073,"profit":0.0024439500000000003,"sharpe":544.5516241344574,"epochNumber":9,"otherMetrics":{"balance":0.11823975,"profit":0.0024439500000000003,"sharpe":544.5516241344574,"market":-7.16234958435453,"relativeProfit":2.110568777105911,"yearlyProfit":0.23239803784849034,"relativeYearlyProfit":200.69643100051204,"startPrice":0.01157958,"endPrice":0.01075021,"trades":9}}