{"parameters":{"interval":10,"candleSize":1,"historySize":14,"thresholds":{"RSI_LOW_BUY":40,"ATR_LOW_SELL":0.000048,"ATR_HIGH_BUY":0.000031,"RSI_HIGH_SELL":64,"STOP_LOSS_RATIO":0.99,"RSI_HIGH_SELL_ALWAYS":75}},"score":0.37029620454460915,"profit":0.0019103099999999984,"sharpe":193.84089731227365,"epochNumber":974,"otherMetrics":{"balance":0.11461061,"profit":0.0019103099999999984,"sharpe":193.84089731227365,"market":-4.612410082315662,"relativeProfit":1.6950354169420905,"yearlyProfit":0.1441293955317744,"relativeYearlyProfit":127.88732197853379,"startPrice":0.01127003,"endPrice":0.01075021,"trades":11}}