{"parameters":{"interval":14,"candleSize":30,"historySize":39,"thresholds":{"low":30,"high":70,"persistence":1}},"score":2106.1301164904435,"profit":161.91320081775348,"sharpe":13.00777271929214,"epochNumber":5,"otherMetrics":{"balance":3839.6929291777533,"profit":161.91320081775348,"sharpe":13.00777271929214,"market":-6.6199240616072075,"relativeProfit":4.402471403309249,"yearlyProfit":1958.918808417758,"relativeYearlyProfit":53.26362515166951,"startPrice":3676.77972836,"endPrice":3433.37970243,"trades":10}}