{"parameters":{"interval":10,"candleSize":1,"historySize":14,"thresholds":{"RSI_LOW_BUY":39,"ATR_LOW_SELL":0.00001,"ATR_HIGH_BUY":0.000016,"RSI_HIGH_SELL":55,"STOP_LOSS_RATIO":0.99,"RSI_HIGH_SELL_ALWAYS":75}},"score":19.590470261213508,"profit":0.02844051999999997,"sharpe":688.8225061009267,"epochNumber":906,"otherMetrics":{"balance":1.02844052,"profit":0.02844051999999997,"sharpe":688.8225061009267,"market":5.809424867430479,"relativeProfit":2.8440519999999907,"yearlyProfit":10.474978110352929,"relativeYearlyProfit":1047.4978110352906,"startPrice":0.01015505,"endPrice":0.010745,"trades":11}}