{"parameters":{"interval":10,"candleSize":1,"historySize":14,"thresholds":{"RSI_LOW_BUY":40,"ATR_LOW_SELL":0.000022,"ATR_HIGH_BUY":0.000056,"RSI_HIGH_SELL":50,"STOP_LOSS_RATIO":0.99,"RSI_HIGH_SELL_ALWAYS":75}},"score":1.1519477614423057,"profit":0.011477110000000013,"sharpe":100.36914880508286,"epochNumber":24,"otherMetrics":{"balance":0.14560801,"profit":0.011477110000000013,"sharpe":100.36914880508286,"market":-19.852845242967888,"relativeProfit":8.556648766242532,"yearlyProfit":0.12031605554627188,"relativeYearlyProfit":89.70047583835775,"startPrice":0.01341309,"endPrice":0.01075021,"trades":19}}